[
    { "id": 1, "date": "2024-01-15T08:34:12Z", "amount": 1500.00, "category": "Revenue", "status": "Paid", "user_id": "user_001" ,"user_profile":"https://thispersondoesnotexist.com/"},
    { "id": 2, "date": "2024-02-21T11:14:38Z", "amount": 1200.50, "category": "Expense", "status": "Paid", "user_id": "user_002" ,"user_profile":"https://thispersondoesnotexist.com/"},
    { "id": 3, "date": "2024-03-03T18:22:04Z", "amount": 300.75, "category": "Revenue", "status": "Pending", "user_id": "user_003" ,"user_profile":"https://thispersondoesnotexist.com/"},
    { "id": 4, "date": "2024-04-10T05:03:11Z", "amount": 5000.00, "category": "Expense", "status": "Paid", "user_id": "user_004" ,"user_profile":"https://thispersondoesnotexist.com/"},
    { "id": 5, "date": "2024-05-20T12:01:45Z", "amount": 800.00, "category": "Revenue", "status": "Pending", "user_id": "user_001" ,"user_profile":"https://thispersondoesnotexist.com/"},
    { "id": 6, "date": "2024-06-12T03:13:09Z", "amount": 2200.25, "category": "Expense", "status": "Paid", "user_id": "user_002" ,"user_profile":"https://thispersondoesnotexist.com/"},
    { "id": 7, "date": "2024-07-14T09:45:33Z", "amount": 900.00, "category": "Revenue", "status": "Pending", "user_id": "user_003" ,"user_profile":"https://thispersondoesnotexist.com/"},
    { "id": 8, "date": "2024-08-05T17:30:23Z", "amount": 150.00, "category": "Expense", "status": "Paid", "user_id": "user_004" ,"user_profile":"https://thispersondoesnotexist.com/"},
    { "id": 9, "date": "2024-09-10T02:10:59Z", "amount": 650.00, "category": "Revenue", "status": "Paid", "user_id": "user_001" ,"user_profile":"https://thispersondoesnotexist.com/"},
    { "id": 10, "date": "2024-10-30T14:55:12Z", "amount": 1200.00, "category": "Expense", "status": "Pending", "user_id": "user_002" ,"user_profile":"https://thispersondoesnotexist.com/"},
    { "id": 11, "date": "2024-11-25T10:02:25Z", "amount": 1500.75, "category": "Revenue", "status": "Paid", "user_id": "user_003" ,"user_profile":"https://thispersondoesnotexist.com/"},
    { "id": 12, "date": "2024-12-05T16:48:18Z", "amount": 800.00, "category": "Expense", "status": "Paid", "user_id": "user_004" ,"user_profile":"https://thispersondoesnotexist.com/"},
    { "id": 13, "date": "2024-01-11T13:12:07Z", "amount": 700.00, "category": "Revenue", "status": "Pending", "user_id": "user_001" ,"user_profile":"https://thispersondoesnotexist.com/"},
    { "id": 14, "date": "2024-02-17T04:35:01Z", "amount": 200.00, "category": "Expense", "status": "Paid", "user_id": "user_002" ,"user_profile":"https://thispersondoesnotexist.com/"},
    { "id": 15, "date": "2024-03-25T20:15:40Z", "amount": 2500.00, "category": "Revenue", "status": "Paid", "user_id": "user_003" ,"user_profile":"https://thispersondoesnotexist.com/"},
    { "id": 16, "date": "2024-04-22T06:55:17Z", "amount": 1700.00, "category": "Expense", "status": "Pending", "user_id": "user_004" ,"user_profile":"https://thispersondoesnotexist.com/"},
    { "id": 17, "date": "2024-05-13T07:20:30Z", "amount": 3500.50, "category": "Revenue", "status": "Paid", "user_id": "user_001" ,"user_profile":"https://thispersondoesnotexist.com/"},
    { "id": 18, "date": "2024-06-23T19:45:56Z", "amount": 450.75, "category": "Expense", "status": "Pending", "user_id": "user_002" ,"user_profile":"https://thispersondoesnotexist.com/"},
    { "id": 19, "date": "2024-07-01T01:20:11Z", "amount": 900.00, "category": "Revenue", "status": "Paid", "user_id": "user_003" ,"user_profile":"https://thispersondoesnotexist.com/"},
    { "id": 20, "date": "2024-08-07T11:05:48Z", "amount": 2300.00, "category": "Expense", "status": "Paid", "user_id": "user_004" ,"user_profile":"https://thispersondoesnotexist.com/"},
    { "id": 21, "date": "2024-09-15T09:31:02Z", "amount": 850.25, "category": "Revenue", "status": "Pending", "user_id": "user_001" ,"user_profile":"https://thispersondoesnotexist.com/"},
    { "id": 22, "date": "2024-10-04T12:42:49Z", "amount": 1300.00, "category": "Expense", "status": "Paid", "user_id": "user_002" ,"user_profile":"https://thispersondoesnotexist.com/"},
    { "id": 23, "date": "2024-11-16T15:20:12Z", "amount": 950.00, "category": "Revenue", "status": "Pending", "user_id": "user_003" ,"user_profile":"https://thispersondoesnotexist.com/"},
    { "id": 24, "date": "2024-12-23T17:05:03Z", "amount": 2100.00, "category": "Expense", "status": "Paid", "user_id": "user_004" ,"user_profile":"https://thispersondoesnotexist.com/"},
    { "id": 25, "date": "2024-01-14T09:50:15Z", "amount": 700.00, "category": "Revenue", "status": "Paid", "user_id": "user_001" ,"user_profile":"https://thispersondoesnotexist.com/"},
    { "id": 26, "date": "2024-02-09T08:12:03Z", "amount": 1000.50, "category": "Expense", "status": "Pending", "user_id": "user_002" ,"user_profile":"https://thispersondoesnotexist.com/"},
    { "id": 27, "date": "2024-03-16T20:29:45Z", "amount": 1900.00, "category": "Revenue", "status": "Paid", "user_id": "user_003" ,"user_profile":"https://thispersondoesnotexist.com/"},
    { "id": 28, "date": "2024-04-13T13:22:58Z", "amount": 1100.00, "category": "Expense", "status": "Paid", "user_id": "user_004" ,"user_profile":"https://thispersondoesnotexist.com/"},
    { "id": 29, "date": "2024-05-10T04:07:35Z", "amount": 3000.00, "category": "Revenue", "status": "Pending", "user_id": "user_001" ,"user_profile":"https://thispersondoesnotexist.com/"},
    { "id": 30, "date": "2024-06-02T02:32:17Z", "amount": 600.00, "category": "Expense", "status": "Paid", "user_id": "user_002" ,"user_profile":"https://thispersondoesnotexist.com/"},
    { "id": 31, "date": "2024-07-09T19:12:01Z", "amount": 3200.00, "category": "Revenue", "status": "Paid", "user_id": "user_003" ,"user_profile":"https://thispersondoesnotexist.com/"},
    { "id": 32, "date": "2024-08-16T10:27:42Z", "amount": 700.00, "category": "Expense", "status": "Paid", "user_id": "user_004" ,"user_profile":"https://thispersondoesnotexist.com/"},
    { "id": 33, "date": "2024-09-13T06:14:29Z", "amount": 1500.25, "category": "Revenue", "status": "Pending", "user_id": "user_001" ,"user_profile":"https://thispersondoesnotexist.com/"},
    { "id": 34, "date": "2024-10-20T11:25:30Z", "amount": 400.00, "category": "Expense", "status": "Paid", "user_id": "user_002" ,"user_profile":"https://thispersondoesnotexist.com/"},
    { "id": 35, "date": "2024-11-14T17:13:51Z", "amount": 2200.00, "category": "Revenue", "status": "Paid", "user_id": "user_003" ,"user_profile":"https://thispersondoesnotexist.com/"},
    { "id": 36, "date": "2024-12-17T09:58:20Z", "amount": 550.00, "category": "Expense", "status": "Paid", "user_id": "user_004" ,"user_profile":"https://thispersondoesnotexist.com/"},
    { "id": 37, "date": "2024-01-27T12:40:53Z", "amount": 3800.00, "category": "Revenue", "status": "Pending", "user_id": "user_001" ,"user_profile":"https://thispersondoesnotexist.com/"},
    { "id": 38, "date": "2024-02-18T07:16:33Z", "amount": 1100.00, "category": "Expense", "status": "Paid", "user_id": "user_002" ,"user_profile":"https://thispersondoesnotexist.com/"},
    { "id": 39, "date": "2024-03-08T13:07:41Z", "amount": 1400.00, "category": "Revenue", "status": "Pending", "user_id": "user_003" ,"user_profile":"https://thispersondoesnotexist.com/"},
    { "id": 40, "date": "2024-04-30T22:49:15Z", "amount": 600.50, "category": "Expense", "status": "Paid", "user_id": "user_004" ,"user_profile":"https://thispersondoesnotexist.com/"},
    { "id": 41, "date": "2024-01-30T10:12:05Z", "amount": 1500.00, "category": "Revenue", "status": "Paid", "user_id": "user_001" ,"user_profile":"https://thispersondoesnotexist.com/"},
    { "id": 42, "date": "2024-02-21T11:43:30Z", "amount": 850.00, "category": "Expense", "status": "Pending", "user_id": "user_002" ,"user_profile":"https://thispersondoesnotexist.com/"},
    { "id": 43, "date": "2024-03-18T12:27:20Z", "amount": 1750.00, "category": "Revenue", "status": "Paid", "user_id": "user_003" ,"user_profile":"https://thispersondoesnotexist.com/"},
    { "id": 44, "date": "2024-04-09T06:55:07Z", "amount": 1200.50, "category": "Expense", "status": "Paid", "user_id": "user_004" ,"user_profile":"https://thispersondoesnotexist.com/"},
    { "id": 45, "date": "2024-05-02T13:50:25Z", "amount": 2300.00, "category": "Revenue", "status": "Paid", "user_id": "user_001" ,"user_profile":"https://thispersondoesnotexist.com/"},
    { "id": 46, "date": "2024-06-14T15:02:44Z", "amount": 1900.00, "category": "Expense", "status": "Pending", "user_id": "user_002" ,"user_profile":"https://thispersondoesnotexist.com/"},
    { "id": 47, "date": "2024-07-11T18:23:17Z", "amount": 3200.00, "category": "Revenue", "status": "Paid", "user_id": "user_003" ,"user_profile":"https://thispersondoesnotexist.com/"},
    { "id": 48, "date": "2024-08-09T14:16:30Z", "amount": 1000.00, "category": "Expense", "status": "Pending", "user_id": "user_004" ,"user_profile":"https://thispersondoesnotexist.com/"},
    { "id": 49, "date": "2024-09-12T16:40:56Z", "amount": 900.00, "category": "Revenue", "status": "Paid", "user_id": "user_001" ,"user_profile":"https://thispersondoesnotexist.com/"},
    { "id": 50, "date": "2024-10-10T11:27:48Z", "amount": 1800.00, "category": "Expense", "status": "Paid", "user_id": "user_002" ,"user_profile":"https://thispersondoesnotexist.com/"},
    { "id": 51, "date": "2024-11-02T12:15:09Z", "amount": 3200.00, "category": "Revenue", "status": "Paid", "user_id": "user_003" ,"user_profile":"https://thispersondoesnotexist.com/"},
    { "id": 52, "date": "2024-12-06T08:43:35Z", "amount": 800.00, "category": "Expense", "status": "Pending", "user_id": "user_004" ,"user_profile":"https://thispersondoesnotexist.com/"},
    { "id": 53, "date": "2024-01-05T14:20:13Z", "amount": 2100.00, "category": "Revenue", "status": "Paid", "user_id": "user_001" ,"user_profile":"https://thispersondoesnotexist.com/"},
    { "id": 54, "date": "2024-02-16T11:35:09Z", "amount": 1500.00, "category": "Expense", "status": "Paid", "user_id": "user_002" ,"user_profile":"https://thispersondoesnotexist.com/"},
    { "id": 55, "date": "2024-03-21T19:02:44Z", "amount": 2200.00, "category": "Revenue", "status": "Pending", "user_id": "user_003" ,"user_profile":"https://thispersondoesnotexist.com/"},
    { "id": 56, "date": "2024-04-17T13:58:00Z", "amount": 550.00, "category": "Expense", "status": "Paid", "user_id": "user_004" ,"user_profile":"https://thispersondoesnotexist.com/"},
    { "id": 57, "date": "2024-05-10T17:11:21Z", "amount": 3800.00, "category": "Revenue", "status": "Pending", "user_id": "user_001" ,"user_profile":"https://thispersondoesnotexist.com/"},
    { "id": 58, "date": "2024-06-25T09:33:45Z", "amount": 1100.00, "category": "Expense", "status": "Paid", "user_id": "user_002" ,"user_profile":"https://thispersondoesnotexist.com/"},
    { "id": 59, "date": "2024-07-28T16:25:18Z", "amount": 1400.00, "category": "Revenue", "status": "Pending", "user_id": "user_003" ,"user_profile":"https://thispersondoesnotexist.com/"},
    { "id": 60, "date": "2024-08-13T14:50:39Z", "amount": 600.50, "category": "Expense", "status": "Paid", "user_id": "user_004" ,"user_profile":"https://thispersondoesnotexist.com/"},
    { "id": 61, "date": "2024-09-22T11:08:27Z", "amount": 1500.00, "category": "Revenue", "status": "Paid", "user_id": "user_001" ,"user_profile":"https://thispersondoesnotexist.com/"},
    { "id": 62, "date": "2024-10-19T13:56:10Z", "amount": 850.00, "category": "Expense", "status": "Pending", "user_id": "user_002" ,"user_profile":"https://thispersondoesnotexist.com/"},
    { "id": 63, "date": "2024-11-07T09:31:24Z", "amount": 1750.00, "category": "Revenue", "status": "Paid", "user_id": "user_003" ,"user_profile":"https://thispersondoesnotexist.com/"},
    { "id": 64, "date": "2024-12-12T15:46:35Z", "amount": 1200.50, "category": "Expense", "status": "Paid", "user_id": "user_004" ,"user_profile":"https://thispersondoesnotexist.com/"},
    { "id": 65, "date": "2024-01-09T08:43:05Z", "amount": 2300.00, "category": "Revenue", "status": "Paid", "user_id": "user_001" ,"user_profile":"https://thispersondoesnotexist.com/"},
    { "id": 66, "date": "2024-02-13T07:55:19Z", "amount": 1900.00, "category": "Expense", "status": "Pending", "user_id": "user_002" ,"user_profile":"https://thispersondoesnotexist.com/"},
    { "id": 67, "date": "2024-03-29T10:05:43Z", "amount": 3200.00, "category": "Revenue", "status": "Paid", "user_id": "user_003" ,"user_profile":"https://thispersondoesnotexist.com/"},
    { "id": 68, "date": "2024-04-23T14:16:40Z", "amount": 1000.00, "category": "Expense", "status": "Pending", "user_id": "user_004" ,"user_profile":"https://thispersondoesnotexist.com/"},
    { "id": 69, "date": "2024-05-18T13:21:08Z", "amount": 900.00, "category": "Revenue", "status": "Paid", "user_id": "user_001" ,"user_profile":"https://thispersondoesnotexist.com/"},
    { "id": 70, "date": "2024-06-07T16:12:17Z", "amount": 1800.00, "category": "Expense", "status": "Paid", "user_id": "user_002" ,"user_profile":"https://thispersondoesnotexist.com/"},
    { "id": 71, "date": "2024-07-17T11:22:53Z", "amount": 3200.00, "category": "Revenue", "status": "Pending", "user_id": "user_003" ,"user_profile":"https://thispersondoesnotexist.com/"},
    { "id": 72, "date": "2024-08-22T10:38:45Z", "amount": 1100.00, "category": "Expense", "status": "Paid", "user_id": "user_004" ,"user_profile":"https://thispersondoesnotexist.com/"},
    { "id": 73, "date": "2024-09-16T12:11:57Z", "amount": 3200.00, "category": "Revenue", "status": "Paid", "user_id": "user_001" ,"user_profile":"https://thispersondoesnotexist.com/"},
    { "id": 74, "date": "2024-10-11T13:22:30Z", "amount": 800.00, "category": "Expense", "status": "Pending", "user_id": "user_002" ,"user_profile":"https://thispersondoesnotexist.com/"},
    { "id": 75, "date": "2024-11-08T14:03:25Z", "amount": 2200.00, "category": "Revenue", "status": "Paid", "user_id": "user_003" ,"user_profile":"https://thispersondoesnotexist.com/"},
    { "id": 76, "date": "2024-11-15T08:30:09Z", "amount": 2200.00, "category": "Expense", "status": "Paid", "user_id": "user_003" ,"user_profile":"https://thispersondoesnotexist.com/"},
    { "id": 77, "date": "2024-12-01T10:45:12Z", "amount": 1500.00, "category": "Revenue", "status": "Pending", "user_id": "user_004" ,"user_profile":"https://thispersondoesnotexist.com/"},
    { "id": 78, "date": "2024-01-18T12:03:56Z", "amount": 850.00, "category": "Expense", "status": "Paid", "user_id": "user_001" ,"user_profile":"https://thispersondoesnotexist.com/"},
    { "id": 79, "date": "2024-02-19T15:23:30Z", "amount": 1900.00, "category": "Revenue", "status": "Pending", "user_id": "user_002" ,"user_profile":"https://thispersondoesnotexist.com/"},
    { "id": 80, "date": "2024-03-06T18:32:45Z", "amount": 3200.00, "category": "Expense", "status": "Paid", "user_id": "user_003" ,"user_profile":"https://thispersondoesnotexist.com/"},
    { "id": 81, "date": "2024-04-25T10:55:30Z", "amount": 1000.00, "category": "Revenue", "status": "Pending", "user_id": "user_004" ,"user_profile":"https://thispersondoesnotexist.com/"},
    { "id": 82, "date": "2024-05-16T09:03:22Z", "amount": 850.00, "category": "Expense", "status": "Paid", "user_id": "user_001" ,"user_profile":"https://thispersondoesnotexist.com/"},
    { "id": 83, "date": "2024-06-23T14:28:50Z", "amount": 1900.00, "category": "Revenue", "status": "Pending", "user_id": "user_002" ,"user_profile":"https://thispersondoesnotexist.com/"},
    { "id": 84, "date": "2024-07-08T07:42:57Z", "amount": 3200.00, "category": "Expense", "status": "Paid", "user_id": "user_003" ,"user_profile":"https://thispersondoesnotexist.com/"},
    { "id": 85, "date": "2024-08-12T13:10:35Z", "amount": 1000.00, "category": "Revenue", "status": "Pending", "user_id": "user_004" ,"user_profile":"https://thispersondoesnotexist.com/"},
    { "id": 86, "date": "2024-09-05T11:22:13Z", "amount": 900.00, "category": "Expense", "status": "Paid", "user_id": "user_001" ,"user_profile":"https://thispersondoesnotexist.com/"},
    { "id": 87, "date": "2024-10-21T14:40:11Z", "amount": 1800.00, "category": "Revenue", "status": "Pending", "user_id": "user_002" ,"user_profile":"https://thispersondoesnotexist.com/"},
    { "id": 88, "date": "2024-11-19T16:25:45Z", "amount": 3200.00, "category": "Expense", "status": "Paid", "user_id": "user_003" ,"user_profile":"https://thispersondoesnotexist.com/"},
    { "id": 89, "date": "2024-12-02T08:52:11Z", "amount": 1100.00, "category": "Revenue", "status": "Pending", "user_id": "user_004" ,"user_profile":"https://thispersondoesnotexist.com/"},
    { "id": 90, "date": "2024-01-30T09:10:00Z", "amount": 1300.00, "category": "Expense", "status": "Paid", "user_id": "user_001" ,"user_profile":"https://thispersondoesnotexist.com/"},
    { "id": 91, "date": "2024-02-11T10:47:23Z", "amount": 2400.00, "category": "Revenue", "status": "Pending", "user_id": "user_002" ,"user_profile":"https://thispersondoesnotexist.com/"},
    { "id": 92, "date": "2024-03-15T11:22:49Z", "amount": 3500.00, "category": "Expense", "status": "Paid", "user_id": "user_003" ,"user_profile":"https://thispersondoesnotexist.com/"},
    { "id": 93, "date": "2024-04-28T12:35:09Z", "amount": 1000.00, "category": "Revenue", "status": "Pending", "user_id": "user_004" ,"user_profile":"https://thispersondoesnotexist.com/"},
    { "id": 94, "date": "2024-05-07T14:12:30Z", "amount": 1100.00, "category": "Expense", "status": "Paid", "user_id": "user_001" ,"user_profile":"https://thispersondoesnotexist.com/"},
    { "id": 95, "date": "2024-06-20T09:33:08Z", "amount": 2400.00, "category": "Revenue", "status": "Pending", "user_id": "user_002" ,"user_profile":"https://thispersondoesnotexist.com/"},
    { "id": 96, "date": "2024-07-22T08:54:02Z", "amount": 3500.00, "category": "Expense", "status": "Paid", "user_id": "user_003" ,"user_profile":"https://thispersondoesnotexist.com/"},
    { "id": 97, "date": "2024-08-17T14:30:42Z", "amount": 1200.00, "category": "Revenue", "status": "Pending", "user_id": "user_004" ,"user_profile":"https://thispersondoesnotexist.com/"},
    { "id": 98, "date": "2024-09-24T16:22:16Z", "amount": 1500.00, "category": "Expense", "status": "Paid", "user_id": "user_001" ,"user_profile":"https://thispersondoesnotexist.com/"},
    { "id": 99, "date": "2024-10-09T07:50:31Z", "amount": 3200.00, "category": "Revenue", "status": "Pending", "user_id": "user_002" ,"user_profile":"https://thispersondoesnotexist.com/"},
    { "id": 100, "date": "2024-11-04T10:11:56Z", "amount": 1100.00, "category": "Expense", "status": "Paid", "user_id": "user_003" ,"user_profile":"https://thispersondoesnotexist.com/"},   
    { "id": 101, "date": "2024-01-02T14:17:03Z", "amount": 1800.00, "category": "Revenue", "status": "Paid", "user_id": "user_001" ,"user_profile":"https://thispersondoesnotexist.com/"},
    { "id": 102, "date": "2024-02-03T11:10:47Z", "amount": 1400.00, "category": "Expense", "status": "Paid", "user_id": "user_002" ,"user_profile":"https://thispersondoesnotexist.com/"},
    { "id": 103, "date": "2024-03-06T09:55:21Z", "amount": 3000.00, "category": "Revenue", "status": "Pending", "user_id": "user_003" ,"user_profile":"https://thispersondoesnotexist.com/"},
    { "id": 104, "date": "2024-04-10T18:43:55Z", "amount": 2200.00, "category": "Expense", "status": "Paid", "user_id": "user_004" ,"user_profile":"https://thispersondoesnotexist.com/"},
    { "id": 105, "date": "2024-05-12T07:28:09Z", "amount": 2000.00, "category": "Revenue", "status": "Paid", "user_id": "user_001" ,"user_profile":"https://thispersondoesnotexist.com/"},
    { "id": 106, "date": "2024-06-14T16:20:33Z", "amount": 1000.50, "category": "Expense", "status": "Pending", "user_id": "user_002" ,"user_profile":"https://thispersondoesnotexist.com/"},
    { "id": 107, "date": "2024-07-21T12:45:01Z", "amount": 2400.00, "category": "Revenue", "status": "Paid", "user_id": "user_003" ,"user_profile":"https://thispersondoesnotexist.com/"},
    { "id": 108, "date": "2024-08-09T08:17:40Z", "amount": 550.00, "category": "Expense", "status": "Paid", "user_id": "user_004" ,"user_profile":"https://thispersondoesnotexist.com/"},
    { "id": 109, "date": "2024-09-05T11:02:18Z", "amount": 2500.00, "category": "Revenue", "status": "Pending", "user_id": "user_001" ,"user_profile":"https://thispersondoesnotexist.com/"},
    { "id": 110, "date": "2024-10-18T17:30:25Z", "amount": 1800.00, "category": "Expense", "status": "Paid", "user_id": "user_002" ,"user_profile":"https://thispersondoesnotexist.com/"},
    { "id": 111, "date": "2024-11-07T13:15:48Z", "amount": 3200.00, "category": "Revenue", "status": "Paid", "user_id": "user_003" ,"user_profile":"https://thispersondoesnotexist.com/"},
    { "id": 112, "date": "2024-12-01T14:28:59Z", "amount": 1100.00, "category": "Expense", "status": "Pending", "user_id": "user_004" ,"user_profile":"https://thispersondoesnotexist.com/"},
    { "id": 113, "date": "2024-01-24T06:34:41Z", "amount": 1500.00, "category": "Revenue", "status": "Paid", "user_id": "user_001" ,"user_profile":"https://thispersondoesnotexist.com/"},
    { "id": 114, "date": "2024-02-28T08:20:10Z", "amount": 850.00, "category": "Expense", "status": "Pending", "user_id": "user_002" ,"user_profile":"https://thispersondoesnotexist.com/"},
    { "id": 115, "date": "2024-03-22T09:33:56Z", "amount": 2700.00, "category": "Revenue", "status": "Paid", "user_id": "user_003" ,"user_profile":"https://thispersondoesnotexist.com/"},
    { "id": 116, "date": "2024-04-27T10:11:11Z", "amount": 1200.00, "category": "Expense", "status": "Paid", "user_id": "user_004" ,"user_profile":"https://thispersondoesnotexist.com/"},
    { "id": 117, "date": "2024-05-09T11:20:44Z", "amount": 1800.00, "category": "Revenue", "status": "Pending", "user_id": "user_001" ,"user_profile":"https://thispersondoesnotexist.com/"},
    { "id": 118, "date": "2024-06-30T10:08:21Z", "amount": 2200.00, "category": "Expense", "status": "Paid", "user_id": "user_002" ,"user_profile":"https://thispersondoesnotexist.com/"},
    { "id": 119, "date": "2024-07-18T12:15:39Z", "amount": 1500.75, "category": "Revenue", "status": "Paid", "user_id": "user_003" ,"user_profile":"https://thispersondoesnotexist.com/"},
    { "id": 120, "date": "2024-08-03T13:30:02Z", "amount": 800.00, "category": "Expense", "status": "Pending", "user_id": "user_004" ,"user_profile":"https://thispersondoesnotexist.com/"},
    { "id": 121, "date": "2024-09-19T09:05:10Z", "amount": 2300.00, "category": "Revenue", "status": "Paid", "user_id": "user_001" ,"user_profile":"https://thispersondoesnotexist.com/"},
    { "id": 122, "date": "2024-10-07T14:40:22Z", "amount": 1100.00, "category": "Expense", "status": "Paid", "user_id": "user_002" ,"user_profile":"https://thispersondoesnotexist.com/"},
    { "id": 123, "date": "2024-11-11T12:32:19Z", "amount": 2500.00, "category": "Revenue", "status": "Pending", "user_id": "user_003" ,"user_profile":"https://thispersondoesnotexist.com/"},
    { "id": 124, "date": "2024-12-03T10:20:41Z", "amount": 1500.00, "category": "Expense", "status": "Paid", "user_id": "user_004" ,"user_profile":"https://thispersondoesnotexist.com/"},
    { "id": 125, "date": "2024-01-05T07:10:11Z", "amount": 2200.00, "category": "Revenue", "status": "Paid", "user_id": "user_001" ,"user_profile":"https://thispersondoesnotexist.com/"},
    { "id": 126, "date": "2024-02-12T15:45:08Z", "amount": 950.00, "category": "Expense", "status": "Pending", "user_id": "user_002" ,"user_profile":"https://thispersondoesnotexist.com/"},
    { "id": 127, "date": "2024-03-03T08:30:59Z", "amount": 3500.00, "category": "Revenue", "status": "Paid", "user_id": "user_003" ,"user_profile":"https://thispersondoesnotexist.com/"},
    { "id": 128, "date": "2024-04-21T12:01:47Z", "amount": 1100.00, "category": "Expense", "status": "Pending", "user_id": "user_004" ,"user_profile":"https://thispersondoesnotexist.com/"},
    { "id": 129, "date": "2024-05-04T18:35:27Z", "amount": 1200.00, "category": "Revenue", "status": "Paid", "user_id": "user_001" ,"user_profile":"https://thispersondoesnotexist.com/"},
    { "id": 130, "date": "2024-06-15T14:20:13Z", "amount": 900.00, "category": "Expense", "status": "Paid", "user_id": "user_002" ,"user_profile":"https://thispersondoesnotexist.com/"},
    { "id": 131, "date": "2024-07-13T09:25:58Z", "amount": 1800.00, "category": "Revenue", "status": "Pending", "user_id": "user_003" ,"user_profile":"https://thispersondoesnotexist.com/"},
    { "id": 132, "date": "2024-08-30T16:50:49Z", "amount": 2200.00, "category": "Expense", "status": "Paid", "user_id": "user_004" ,"user_profile":"https://thispersondoesnotexist.com/"},
    { "id": 133, "date": "2024-09-10T11:14:56Z", "amount": 2500.00, "category": "Revenue", "status": "Pending", "user_id": "user_001" ,"user_profile":"https://thispersondoesnotexist.com/"},
    { "id": 134, "date": "2024-10-25T07:03:40Z", "amount": 600.00, "category": "Expense", "status": "Paid", "user_id": "user_002" ,"user_profile":"https://thispersondoesnotexist.com/"},
    { "id": 135, "date": "2024-11-09T10:40:16Z", "amount": 3200.00, "category": "Revenue", "status": "Paid", "user_id": "user_003" ,"user_profile":"https://thispersondoesnotexist.com/"},
    { "id": 136, "date": "2024-12-20T17:51:34Z", "amount": 1100.00, "category": "Expense", "status": "Pending", "user_id": "user_004" ,"user_profile":"https://thispersondoesnotexist.com/"},
    { "id": 137, "date": "2024-01-03T10:10:23Z", "amount": 1400.00, "category": "Revenue", "status": "Paid", "user_id": "user_001" ,"user_profile":"https://thispersondoesnotexist.com/"},
    { "id": 138, "date": "2024-02-18T09:43:08Z", "amount": 2300.00, "category": "Expense", "status": "Pending", "user_id": "user_002" ,"user_profile":"https://thispersondoesnotexist.com/"},
    { "id": 139, "date": "2024-03-19T17:12:40Z", "amount": 1500.00, "category": "Revenue", "status": "Paid", "user_id": "user_003" ,"user_profile":"https://thispersondoesnotexist.com/"},
    { "id": 140, "date": "2024-04-02T11:47:52Z", "amount": 1800.00, "category": "Expense", "status": "Paid", "user_id": "user_004" ,"user_profile":"https://thispersondoesnotexist.com/"},
    { "id": 141, "date": "2024-05-24T10:58:35Z", "amount": 3200.00, "category": "Revenue", "status": "Pending", "user_id": "user_001" ,"user_profile":"https://thispersondoesnotexist.com/"},
    { "id": 142, "date": "2024-06-09T14:15:19Z", "amount": 1100.00, "category": "Expense", "status": "Paid", "user_id": "user_002" ,"user_profile":"https://thispersondoesnotexist.com/"},
    { "id": 143, "date": "2024-07-23T16:45:22Z", "amount": 2700.00, "category": "Revenue", "status": "Pending", "user_id": "user_003" ,"user_profile":"https://thispersondoesnotexist.com/"},
    { "id": 144, "date": "2024-08-18T10:24:58Z", "amount": 1500.00, "category": "Expense", "status": "Paid", "user_id": "user_004" ,"user_profile":"https://thispersondoesnotexist.com/"},
    { "id": 145, "date": "2024-09-12T08:13:11Z", "amount": 2000.00, "category": "Revenue", "status": "Pending", "user_id": "user_001" ,"user_profile":"https://thispersondoesnotexist.com/"},
    { "id": 146, "date": "2024-10-05T12:04:33Z", "amount": 2200.00, "category": "Expense", "status": "Paid", "user_id": "user_002" ,"user_profile":"https://thispersondoesnotexist.com/"},
    { "id": 147, "date": "2024-11-03T09:10:45Z", "amount": 2400.00, "category": "Revenue", "status": "Pending", "user_id": "user_003" ,"user_profile":"https://thispersondoesnotexist.com/"},
    { "id": 148, "date": "2024-12-16T18:42:10Z", "amount": 1300.00, "category": "Expense", "status": "Paid", "user_id": "user_004" ,"user_profile":"https://thispersondoesnotexist.com/"},
    { "id": 149, "date": "2024-01-22T14:01:35Z", "amount": 900.00, "category": "Revenue", "status": "Pending", "user_id": "user_001" ,"user_profile":"https://thispersondoesnotexist.com/"},
    { "id": 150, "date": "2024-02-01T07:59:02Z", "amount": 1800.00, "category": "Expense", "status": "Paid", "user_id": "user_002" ,"user_profile":"https://thispersondoesnotexist.com/"}, 
    { "id": 151, "date": "2024-01-14T10:25:13Z", "amount": 2200.00, "category": "Revenue", "status": "Paid", "user_id": "user_001" ,"user_profile":"https://thispersondoesnotexist.com/"},
    { "id": 152, "date": "2024-02-04T14:05:50Z", "amount": 900.00, "category": "Expense", "status": "Pending", "user_id": "user_002" ,"user_profile":"https://thispersondoesnotexist.com/"},
    { "id": 153, "date": "2024-03-14T11:18:29Z", "amount": 3200.00, "category": "Revenue", "status": "Paid", "user_id": "user_003" ,"user_profile":"https://thispersondoesnotexist.com/"},
    { "id": 154, "date": "2024-04-02T13:32:42Z", "amount": 1800.00, "category": "Expense", "status": "Paid", "user_id": "user_004" ,"user_profile":"https://thispersondoesnotexist.com/"},
    { "id": 155, "date": "2024-05-15T09:40:05Z", "amount": 2500.00, "category": "Revenue", "status": "Pending", "user_id": "user_001" ,"user_profile":"https://thispersondoesnotexist.com/"},
    { "id": 156, "date": "2024-06-19T12:05:21Z", "amount": 600.00, "category": "Expense", "status": "Paid", "user_id": "user_002" ,"user_profile":"https://thispersondoesnotexist.com/"},
    { "id": 157, "date": "2024-07-23T08:22:55Z", "amount": 2400.00, "category": "Revenue", "status": "Pending", "user_id": "user_003" ,"user_profile":"https://thispersondoesnotexist.com/"},
    { "id": 158, "date": "2024-08-28T14:30:44Z", "amount": 1500.00, "category": "Expense", "status": "Paid", "user_id": "user_004" ,"user_profile":"https://thispersondoesnotexist.com/"},
    { "id": 159, "date": "2024-09-30T13:10:59Z", "amount": 3200.00, "category": "Revenue", "status": "Paid", "user_id": "user_001" ,"user_profile":"https://thispersondoesnotexist.com/"},
    { "id": 160, "date": "2024-10-06T17:43:25Z", "amount": 2000.00, "category": "Expense", "status": "Pending", "user_id": "user_002" ,"user_profile":"https://thispersondoesnotexist.com/"},
    { "id": 161, "date": "2024-11-20T14:50:13Z", "amount": 3000.00, "category": "Revenue", "status": "Paid", "user_id": "user_003" ,"user_profile":"https://thispersondoesnotexist.com/"},
    { "id": 162, "date": "2024-12-15T12:04:51Z", "amount": 1100.00, "category": "Expense", "status": "Pending", "user_id": "user_004" ,"user_profile":"https://thispersondoesnotexist.com/"},
    { "id": 163, "date": "2024-01-21T08:57:39Z", "amount": 2200.00, "category": "Revenue", "status": "Paid", "user_id": "user_001" ,"user_profile":"https://thispersondoesnotexist.com/"},
    { "id": 164, "date": "2024-02-27T16:22:59Z", "amount": 850.00, "category": "Expense", "status": "Pending", "user_id": "user_002" ,"user_profile":"https://thispersondoesnotexist.com/"},
    { "id": 165, "date": "2024-03-02T13:45:12Z", "amount": 1750.00, "category": "Revenue", "status": "Paid", "user_id": "user_003" ,"user_profile":"https://thispersondoesnotexist.com/"},
    { "id": 166, "date": "2024-04-16T11:40:05Z", "amount": 1200.50, "category": "Expense", "status": "Paid", "user_id": "user_004" ,"user_profile":"https://thispersondoesnotexist.com/"},
    { "id": 167, "date": "2024-05-01T09:25:18Z", "amount": 2000.00, "category": "Revenue", "status": "Pending", "user_id": "user_001" ,"user_profile":"https://thispersondoesnotexist.com/"},
    { "id": 168, "date": "2024-06-12T17:32:42Z", "amount": 600.00, "category": "Expense", "status": "Paid", "user_id": "user_002" ,"user_profile":"https://thispersondoesnotexist.com/"},
    { "id": 169, "date": "2024-07-29T11:59:37Z", "amount": 2400.00, "category": "Revenue", "status": "Paid", "user_id": "user_003" ,"user_profile":"https://thispersondoesnotexist.com/"},
    { "id": 170, "date": "2024-08-25T15:40:11Z", "amount": 1500.00, "category": "Expense", "status": "Pending", "user_id": "user_004" ,"user_profile":"https://thispersondoesnotexist.com/"},
    { "id": 171, "date": "2024-09-08T09:50:44Z", "amount": 3200.00, "category": "Revenue", "status": "Paid", "user_id": "user_001" ,"user_profile":"https://thispersondoesnotexist.com/"},
    { "id": 172, "date": "2024-10-12T11:23:09Z", "amount": 900.00, "category": "Expense", "status": "Pending", "user_id": "user_002" ,"user_profile":"https://thispersondoesnotexist.com/"},
    { "id": 173, "date": "2024-11-05T14:41:59Z", "amount": 2700.00, "category": "Revenue", "status": "Paid", "user_id": "user_003" ,"user_profile":"https://thispersondoesnotexist.com/"},
    { "id": 174, "date": "2024-12-09T12:30:22Z", "amount": 1200.00, "category": "Expense", "status": "Paid", "user_id": "user_004" ,"user_profile":"https://thispersondoesnotexist.com/"},
    { "id": 175, "date": "2024-01-29T08:35:51Z", "amount": 2200.00, "category": "Revenue", "status": "Pending", "user_id": "user_001" ,"user_profile":"https://thispersondoesnotexist.com/"},
    { "id": 176, "date": "2024-02-14T11:42:32Z", "amount": 1100.00, "category": "Expense", "status": "Paid", "user_id": "user_002" ,"user_profile":"https://thispersondoesnotexist.com/"},
    { "id": 177, "date": "2024-03-26T16:18:22Z", "amount": 3500.00, "category": "Revenue", "status": "Paid", "user_id": "user_003" ,"user_profile":"https://thispersondoesnotexist.com/"},
    { "id": 178, "date": "2024-04-04T10:13:09Z", "amount": 1800.00, "category": "Expense", "status": "Paid", "user_id": "user_004" ,"user_profile":"https://thispersondoesnotexist.com/"},
    { "id": 179, "date": "2024-05-18T12:32:48Z", "amount": 2300.00, "category": "Revenue", "status": "Pending", "user_id": "user_001" ,"user_profile":"https://thispersondoesnotexist.com/"},
    { "id": 180, "date": "2024-06-30T09:41:23Z", "amount": 600.00, "category": "Expense", "status": "Paid", "user_id": "user_002" ,"user_profile":"https://thispersondoesnotexist.com/"},
    { "id": 181, "date": "2024-07-19T14:22:13Z", "amount": 3200.00, "category": "Revenue", "status": "Paid", "user_id": "user_003" ,"user_profile":"https://thispersondoesnotexist.com/"},
    { "id": 182, "date": "2024-08-13T16:50:45Z", "amount": 1100.00, "category": "Expense", "status": "Paid", "user_id": "user_004" ,"user_profile":"https://thispersondoesnotexist.com/"},
    { "id": 183, "date": "2024-09-25T18:40:12Z", "amount": 3200.00, "category": "Revenue", "status": "Pending", "user_id": "user_001" ,"user_profile":"https://thispersondoesnotexist.com/"},
    { "id": 184, "date": "2024-10-17T09:01:30Z", "amount": 1500.00, "category": "Expense", "status": "Paid", "user_id": "user_002" ,"user_profile":"https://thispersondoesnotexist.com/"},
    { "id": 185, "date": "2024-11-22T15:10:20Z", "amount": 3200.00, "category": "Revenue", "status": "Paid", "user_id": "user_003" ,"user_profile":"https://thispersondoesnotexist.com/"},
    { "id": 186, "date": "2024-12-10T12:04:33Z", "amount": 1100.00, "category": "Expense", "status": "Pending", "user_id": "user_004" ,"user_profile":"https://thispersondoesnotexist.com/"},
    { "id": 187, "date": "2024-01-06T14:43:52Z", "amount": 1800.00, "category": "Revenue", "status": "Paid", "user_id": "user_001" ,"user_profile":"https://thispersondoesnotexist.com/"},
    { "id": 188, "date": "2024-02-10T15:30:12Z", "amount": 2500.00, "category": "Expense", "status": "Pending", "user_id": "user_002" ,"user_profile":"https://thispersondoesnotexist.com/"},
    { "id": 189, "date": "2024-03-03T13:10:53Z", "amount": 1800.00, "category": "Revenue", "status": "Pending", "user_id": "user_003" ,"user_profile":"https://thispersondoesnotexist.com/"},
    { "id": 190, "date": "2024-04-01T12:18:25Z", "amount": 2200.00, "category": "Expense", "status": "Paid", "user_id": "user_004" ,"user_profile":"https://thispersondoesnotexist.com/"},
    { "id": 191, "date": "2024-05-23T11:09:14Z", "amount": 1500.00, "category": "Revenue", "status": "Pending", "user_id": "user_001" ,"user_profile":"https://thispersondoesnotexist.com/"},
    { "id": 192, "date": "2024-06-05T09:40:33Z", "amount": 600.00, "category": "Expense", "status": "Paid", "user_id": "user_002" ,"user_profile":"https://thispersondoesnotexist.com/"},
    { "id": 193, "date": "2024-07-16T08:55:47Z", "amount": 3200.00, "category": "Revenue", "status": "Paid", "user_id": "user_003" ,"user_profile":"https://thispersondoesnotexist.com/"},
    { "id": 194, "date": "2024-08-21T14:04:19Z", "amount": 1100.00, "category": "Expense", "status": "Paid", "user_id": "user_004" ,"user_profile":"https://thispersondoesnotexist.com/"},
    { "id": 195, "date": "2024-09-28T09:52:01Z", "amount": 2500.00, "category": "Revenue", "status": "Pending", "user_id": "user_001" ,"user_profile":"https://thispersondoesnotexist.com/"},
    { "id": 196, "date": "2024-10-31T08:38:23Z", "amount": 1500.00, "category": "Expense", "status": "Paid", "user_id": "user_002" ,"user_profile":"https://thispersondoesnotexist.com/"},
    { "id": 197, "date": "2024-11-18T13:55:02Z", "amount": 2300.00, "category": "Revenue", "status": "Pending", "user_id": "user_003" ,"user_profile":"https://thispersondoesnotexist.com/"},
    { "id": 198, "date": "2024-12-12T15:45:06Z", "amount": 1100.00, "category": "Expense", "status": "Paid", "user_id": "user_004" ,"user_profile":"https://thispersondoesnotexist.com/"},
    { "id": 199, "date": "2024-01-11T09:10:17Z", "amount": 1800.00, "category": "Revenue", "status": "Paid", "user_id": "user_001" ,"user_profile":"https://thispersondoesnotexist.com/"},
    { "id": 200, "date": "2024-02-08T12:48:55Z", "amount": 2200.00, "category": "Expense", "status": "Pending", "user_id": "user_002" ,"user_profile":"https://thispersondoesnotexist.com/"},
    { "id": 201, "date": "2024-01-22T10:02:14Z", "amount": 2500.00, "category": "Revenue", "status": "Pending", "user_id": "user_001" ,"user_profile":"https://thispersondoesnotexist.com/"},
    { "id": 202, "date": "2024-02-09T13:45:07Z", "amount": 1500.00, "category": "Expense", "status": "Paid", "user_id": "user_002" ,"user_profile":"https://thispersondoesnotexist.com/"},
    { "id": 203, "date": "2024-03-18T11:32:18Z", "amount": 3200.00, "category": "Revenue", "status": "Paid", "user_id": "user_003" ,"user_profile":"https://thispersondoesnotexist.com/"},
    { "id": 204, "date": "2024-04-24T10:40:58Z", "amount": 1000.00, "category": "Expense", "status": "Paid", "user_id": "user_004" ,"user_profile":"https://thispersondoesnotexist.com/"},
    { "id": 205, "date": "2024-05-02T16:30:21Z", "amount": 2200.00, "category": "Revenue", "status": "Pending", "user_id": "user_001" ,"user_profile":"https://thispersondoesnotexist.com/"},
    { "id": 206, "date": "2024-06-08T09:20:37Z", "amount": 1200.00, "category": "Expense", "status": "Paid", "user_id": "user_002" ,"user_profile":"https://thispersondoesnotexist.com/"},
    { "id": 207, "date": "2024-07-11T10:42:09Z", "amount": 1900.00, "category": "Revenue", "status": "Paid", "user_id": "user_003" ,"user_profile":"https://thispersondoesnotexist.com/"},
    { "id": 208, "date": "2024-08-05T12:14:03Z", "amount": 600.00, "category": "Expense", "status": "Pending", "user_id": "user_004" ,"user_profile":"https://thispersondoesnotexist.com/"},
    { "id": 209, "date": "2024-09-15T13:35:44Z", "amount": 2200.00, "category": "Revenue", "status": "Paid", "user_id": "user_001" ,"user_profile":"https://thispersondoesnotexist.com/"},
    { "id": 210, "date": "2024-10-10T10:22:56Z", "amount": 1500.00, "category": "Expense", "status": "Pending", "user_id": "user_002" ,"user_profile":"https://thispersondoesnotexist.com/"},
    { "id": 211, "date": "2024-11-18T12:31:18Z", "amount": 3000.00, "category": "Revenue", "status": "Paid", "user_id": "user_003" ,"user_profile":"https://thispersondoesnotexist.com/"},
    { "id": 212, "date": "2024-12-04T08:25:04Z", "amount": 1500.00, "category": "Expense", "status": "Paid", "user_id": "user_004" ,"user_profile":"https://thispersondoesnotexist.com/"},
    { "id": 213, "date": "2024-01-25T11:55:12Z", "amount": 2200.00, "category": "Revenue", "status": "Pending", "user_id": "user_001" ,"user_profile":"https://thispersondoesnotexist.com/"},
    { "id": 214, "date": "2024-02-12T15:28:39Z", "amount": 1300.00, "category": "Expense", "status": "Paid", "user_id": "user_002" ,"user_profile":"https://thispersondoesnotexist.com/"},
    { "id": 215, "date": "2024-03-23T16:12:22Z", "amount": 3500.00, "category": "Revenue", "status": "Paid", "user_id": "user_003" ,"user_profile":"https://thispersondoesnotexist.com/"},
    { "id": 216, "date": "2024-04-29T10:09:45Z", "amount": 600.00, "category": "Expense", "status": "Paid", "user_id": "user_004" ,"user_profile":"https://thispersondoesnotexist.com/"},
    { "id": 217, "date": "2024-05-19T12:35:51Z", "amount": 1500.00, "category": "Revenue", "status": "Pending", "user_id": "user_001" ,"user_profile":"https://thispersondoesnotexist.com/"},
    { "id": 218, "date": "2024-06-22T13:40:07Z", "amount": 1200.00, "category": "Expense", "status": "Paid", "user_id": "user_002" ,"user_profile":"https://thispersondoesnotexist.com/"},
    { "id": 219, "date": "2024-07-19T17:27:38Z", "amount": 2500.00, "category": "Revenue", "status": "Pending", "user_id": "user_003" ,"user_profile":"https://thispersondoesnotexist.com/"},
    { "id": 220, "date": "2024-08-29T14:33:12Z", "amount": 1100.00, "category": "Expense", "status": "Paid", "user_id": "user_004" ,"user_profile":"https://thispersondoesnotexist.com/"},
    { "id": 221, "date": "2024-09-06T10:56:43Z", "amount": 3200.00, "category": "Revenue", "status": "Paid", "user_id": "user_001" ,"user_profile":"https://thispersondoesnotexist.com/"},
    { "id": 222, "date": "2024-10-14T15:03:21Z", "amount": 1100.00, "category": "Expense", "status": "Pending", "user_id": "user_002" ,"user_profile":"https://thispersondoesnotexist.com/"},
    { "id": 223, "date": "2024-11-12T09:40:05Z", "amount": 2700.00, "category": "Revenue", "status": "Paid", "user_id": "user_003" ,"user_profile":"https://thispersondoesnotexist.com/"},
    { "id": 224, "date": "2024-12-18T12:26:42Z", "amount": 1200.00, "category": "Expense", "status": "Paid", "user_id": "user_004" ,"user_profile":"https://thispersondoesnotexist.com/"},
    { "id": 225, "date": "2024-01-12T16:52:47Z", "amount": 3200.00, "category": "Revenue", "status": "Paid", "user_id": "user_001" ,"user_profile":"https://thispersondoesnotexist.com/"},
    { "id": 226, "date": "2024-02-03T14:17:09Z", "amount": 850.00, "category": "Expense", "status": "Paid", "user_id": "user_002" ,"user_profile":"https://thispersondoesnotexist.com/"},
    { "id": 227, "date": "2024-03-07T12:43:58Z", "amount": 2500.00, "category": "Revenue", "status": "Pending", "user_id": "user_003" ,"user_profile":"https://thispersondoesnotexist.com/"},
    { "id": 228, "date": "2024-04-18T08:11:14Z", "amount": 2000.00, "category": "Expense", "status": "Paid", "user_id": "user_004" ,"user_profile":"https://thispersondoesnotexist.com/"},
    { "id": 229, "date": "2024-05-26T13:02:37Z", "amount": 3200.00, "category": "Revenue", "status": "Paid", "user_id": "user_001" ,"user_profile":"https://thispersondoesnotexist.com/"},
    { "id": 230, "date": "2024-06-02T17:55:09Z", "amount": 1500.00, "category": "Expense", "status": "Pending", "user_id": "user_002" ,"user_profile":"https://thispersondoesnotexist.com/"},
    { "id": 231, "date": "2024-07-09T13:19:56Z", "amount": 2400.00, "category": "Revenue", "status": "Paid", "user_id": "user_003" ,"user_profile":"https://thispersondoesnotexist.com/"},
    { "id": 232, "date": "2024-08-20T10:12:22Z", "amount": 1100.00, "category": "Expense", "status": "Paid", "user_id": "user_004" ,"user_profile":"https://thispersondoesnotexist.com/"},
    { "id": 233, "date": "2024-09-03T08:14:39Z", "amount": 3200.00, "category": "Revenue", "status": "Pending", "user_id": "user_001" ,"user_profile":"https://thispersondoesnotexist.com/"},
    { "id": 234, "date": "2024-10-10T11:43:05Z", "amount": 1500.00, "category": "Expense", "status": "Paid", "user_id": "user_002" ,"user_profile":"https://thispersondoesnotexist.com/"},
    { "id": 235, "date": "2024-11-25T16:12:47Z", "amount": 2700.00, "category": "Revenue", "status": "Pending", "user_id": "user_003" ,"user_profile":"https://thispersondoesnotexist.com/"},
    { "id": 236, "date": "2024-12-06T13:43:25Z", "amount": 1100.00, "category": "Expense", "status": "Paid", "user_id": "user_004" ,"user_profile":"https://thispersondoesnotexist.com/"},
    { "id": 237, "date": "2024-01-10T09:34:18Z", "amount": 3200.00, "category": "Revenue", "status": "Paid", "user_id": "user_001" ,"user_profile":"https://thispersondoesnotexist.com/"},
    { "id": 238, "date": "2024-02-22T12:56:43Z", "amount": 600.00, "category": "Expense", "status": "Paid", "user_id": "user_002" ,"user_profile":"https://thispersondoesnotexist.com/"},
    { "id": 239, "date": "2024-03-11T15:28:04Z", "amount": 2400.00, "category": "Revenue", "status": "Pending", "user_id": "user_003" ,"user_profile":"https://thispersondoesnotexist.com/"},
    { "id": 240, "date": "2024-04-05T11:11:28Z", "amount": 1500.00, "category": "Expense", "status": "Paid", "user_id": "user_004" ,"user_profile":"https://thispersondoesnotexist.com/"},
    { "id": 241, "date": "2024-05-19T12:30:56Z", "amount": 3200.00, "category": "Revenue", "status": "Pending", "user_id": "user_001" ,"user_profile":"https://thispersondoesnotexist.com/"},
    { "id": 242, "date": "2024-06-26T09:18:29Z", "amount": 1500.00, "category": "Expense", "status": "Paid", "user_id": "user_002" ,"user_profile":"https://thispersondoesnotexist.com/"},
    { "id": 243, "date": "2024-07-13T14:52:30Z", "amount": 2300.00, "category": "Revenue", "status": "Pending", "user_id": "user_003" ,"user_profile":"https://thispersondoesnotexist.com/"},
    { "id": 244, "date": "2024-08-01T10:22:40Z", "amount": 1500.00, "category": "Expense", "status": "Paid", "user_id": "user_004" ,"user_profile":"https://thispersondoesnotexist.com/"},
    { "id": 245, "date": "2024-09-11T14:02:59Z", "amount": 2400.00, "category": "Revenue", "status": "Pending", "user_id": "user_001" ,"user_profile":"https://thispersondoesnotexist.com/"},
    { "id": 246, "date": "2024-10-17T12:28:51Z", "amount": 1100.00, "category": "Expense", "status": "Paid", "user_id": "user_002" ,"user_profile":"https://thispersondoesnotexist.com/"},
    { "id": 247, "date": "2024-11-29T08:36:15Z", "amount": 2700.00, "category": "Revenue", "status": "Paid", "user_id": "user_003" ,"user_profile":"https://thispersondoesnotexist.com/"},
    { "id": 248, "date": "2024-12-04T10:21:13Z", "amount": 3200.00, "category": "Expense", "status": "Pending", "user_id": "user_004" ,"user_profile":"https://thispersondoesnotexist.com/"},
    { "id": 249, "date": "2024-01-16T14:23:12Z", "amount": 1500.00, "category": "Revenue", "status": "Paid", "user_id": "user_001" ,"user_profile":"https://thispersondoesnotexist.com/"},
    { "id": 250, "date": "2024-02-02T17:12:30Z", "amount": 1800.00, "category": "Expense", "status": "Pending", "user_id": "user_002" ,"user_profile":"https://thispersondoesnotexist.com/"},  
    { "id": 251, "date": "2024-01-23T14:12:49Z", "amount": 2200.00, "category": "Revenue", "status": "Pending", "user_id": "user_001" ,"user_profile":"https://thispersondoesnotexist.com/"},
    { "id": 252, "date": "2024-02-18T10:01:20Z", "amount": 850.00, "category": "Expense", "status": "Paid", "user_id": "user_002" ,"user_profile":"https://thispersondoesnotexist.com/"},
    { "id": 253, "date": "2024-03-06T13:25:08Z", "amount": 3200.00, "category": "Revenue", "status": "Paid", "user_id": "user_003" ,"user_profile":"https://thispersondoesnotexist.com/"},
    { "id": 254, "date": "2024-04-10T16:44:52Z", "amount": 1200.00, "category": "Expense", "status": "Paid", "user_id": "user_004" ,"user_profile":"https://thispersondoesnotexist.com/"},
    { "id": 255, "date": "2024-05-15T17:22:32Z", "amount": 2500.00, "category": "Revenue", "status": "Pending", "user_id": "user_001" ,"user_profile":"https://thispersondoesnotexist.com/"},
    { "id": 256, "date": "2024-06-01T14:34:41Z", "amount": 600.00, "category": "Expense", "status": "Paid", "user_id": "user_002" ,"user_profile":"https://thispersondoesnotexist.com/"},
    { "id": 257, "date": "2024-07-25T12:15:10Z", "amount": 2400.00, "category": "Revenue", "status": "Pending", "user_id": "user_003" ,"user_profile":"https://thispersondoesnotexist.com/"},
    { "id": 258, "date": "2024-08-30T16:03:44Z", "amount": 1500.00, "category": "Expense", "status": "Paid", "user_id": "user_004" ,"user_profile":"https://thispersondoesnotexist.com/"},
    { "id": 259, "date": "2024-09-20T08:52:56Z", "amount": 3200.00, "category": "Revenue", "status": "Paid", "user_id": "user_001" ,"user_profile":"https://thispersondoesnotexist.com/"},
    { "id": 260, "date": "2024-10-09T11:35:42Z", "amount": 1800.00, "category": "Expense", "status": "Pending", "user_id": "user_002" ,"user_profile":"https://thispersondoesnotexist.com/"},
    { "id": 261, "date": "2024-11-11T14:22:19Z", "amount": 3200.00, "category": "Revenue", "status": "Paid", "user_id": "user_003" ,"user_profile":"https://thispersondoesnotexist.com/"},
    { "id": 262, "date": "2024-12-15T12:44:07Z", "amount": 1100.00, "category": "Expense", "status": "Paid", "user_id": "user_004" ,"user_profile":"https://thispersondoesnotexist.com/"},
    { "id": 263, "date": "2024-01-20T09:05:34Z", "amount": 1500.00, "category": "Revenue", "status": "Paid", "user_id": "user_001" ,"user_profile":"https://thispersondoesnotexist.com/"},
    { "id": 264, "date": "2024-02-03T17:12:23Z", "amount": 2200.00, "category": "Expense", "status": "Pending", "user_id": "user_002" ,"user_profile":"https://thispersondoesnotexist.com/"},
    { "id": 265, "date": "2024-03-28T14:20:15Z", "amount": 2300.00, "category": "Revenue", "status": "Paid", "user_id": "user_003" ,"user_profile":"https://thispersondoesnotexist.com/"},
    { "id": 266, "date": "2024-04-18T16:58:43Z", "amount": 900.00, "category": "Expense", "status": "Paid", "user_id": "user_004" ,"user_profile":"https://thispersondoesnotexist.com/"},
    { "id": 267, "date": "2024-05-12T14:03:25Z", "amount": 1500.00, "category": "Revenue", "status": "Pending", "user_id": "user_001" ,"user_profile":"https://thispersondoesnotexist.com/"},
    { "id": 268, "date": "2024-06-19T12:40:10Z", "amount": 2200.00, "category": "Expense", "status": "Paid", "user_id": "user_002" ,"user_profile":"https://thispersondoesnotexist.com/"},
    { "id": 269, "date": "2024-07-06T16:53:21Z", "amount": 2700.00, "category": "Revenue", "status": "Pending", "user_id": "user_003" ,"user_profile":"https://thispersondoesnotexist.com/"},
    { "id": 270, "date": "2024-08-22T10:37:02Z", "amount": 1800.00, "category": "Expense", "status": "Paid", "user_id": "user_004" ,"user_profile":"https://thispersondoesnotexist.com/"},
    { "id": 271, "date": "2024-09-11T11:59:50Z", "amount": 2500.00, "category": "Revenue", "status": "Pending", "user_id": "user_001" ,"user_profile":"https://thispersondoesnotexist.com/"},
    { "id": 272, "date": "2024-10-02T12:55:42Z", "amount": 900.00, "category": "Expense", "status": "Paid", "user_id": "user_002" ,"user_profile":"https://thispersondoesnotexist.com/"},
    { "id": 273, "date": "2024-11-03T15:10:19Z", "amount": 2200.00, "category": "Revenue", "status": "Paid", "user_id": "user_003" ,"user_profile":"https://thispersondoesnotexist.com/"},
    { "id": 274, "date": "2024-12-08T08:20:44Z", "amount": 1500.00, "category": "Expense", "status": "Pending", "user_id": "user_004" ,"user_profile":"https://thispersondoesnotexist.com/"},
    { "id": 275, "date": "2024-01-09T14:22:35Z", "amount": 3200.00, "category": "Revenue", "status": "Paid", "user_id": "user_001" ,"user_profile":"https://thispersondoesnotexist.com/"},
    { "id": 276, "date": "2024-02-13T17:11:59Z", "amount": 600.00, "category": "Expense", "status": "Paid", "user_id": "user_002" ,"user_profile":"https://thispersondoesnotexist.com/"},
    { "id": 277, "date": "2024-03-21T09:33:26Z", "amount": 2400.00, "category": "Revenue", "status": "Pending", "user_id": "user_003" ,"user_profile":"https://thispersondoesnotexist.com/"},
    { "id": 278, "date": "2024-04-26T12:10:13Z", "amount": 1500.00, "category": "Expense", "status": "Paid", "user_id": "user_004" ,"user_profile":"https://thispersondoesnotexist.com/"},
    { "id": 279, "date": "2024-05-19T08:22:06Z", "amount": 2200.00, "category": "Revenue", "status": "Paid", "user_id": "user_001" ,"user_profile":"https://thispersondoesnotexist.com/"},
    { "id": 280, "date": "2024-06-03T10:12:28Z", "amount": 1000.00, "category": "Expense", "status": "Pending", "user_id": "user_002" ,"user_profile":"https://thispersondoesnotexist.com/"},
    { "id": 281, "date": "2024-07-22T09:44:56Z", "amount": 2700.00, "category": "Revenue", "status": "Paid", "user_id": "user_003" ,"user_profile":"https://thispersondoesnotexist.com/"},
    { "id": 282, "date": "2024-08-11T14:35:47Z", "amount": 1500.00, "category": "Expense", "status": "Pending", "user_id": "user_004" ,"user_profile":"https://thispersondoesnotexist.com/"},
    { "id": 283, "date": "2024-09-18T11:13:56Z", "amount": 2500.00, "category": "Revenue", "status": "Pending", "user_id": "user_001" ,"user_profile":"https://thispersondoesnotexist.com/"},
    { "id": 284, "date": "2024-10-24T12:03:04Z", "amount": 2200.00, "category": "Expense", "status": "Paid", "user_id": "user_002" ,"user_profile":"https://thispersondoesnotexist.com/"},
    { "id": 285, "date": "2024-11-20T13:22:15Z", "amount": 3200.00, "category": "Revenue", "status": "Paid", "user_id": "user_003" ,"user_profile":"https://thispersondoesnotexist.com/"},
    { "id": 286, "date": "2024-12-01T15:19:47Z", "amount": 1100.00, "category": "Expense", "status": "Pending", "user_id": "user_004" ,"user_profile":"https://thispersondoesnotexist.com/"},
    { "id": 287, "date": "2024-01-11T10:55:01Z", "amount": 1500.00, "category": "Revenue", "status": "Pending", "user_id": "user_001" ,"user_profile":"https://thispersondoesnotexist.com/"},
    { "id": 288, "date": "2024-02-20T17:30:12Z", "amount": 2500.00, "category": "Expense", "status": "Paid", "user_id": "user_002" ,"user_profile":"https://thispersondoesnotexist.com/"},
    { "id": 289, "date": "2024-03-10T13:17:53Z", "amount": 3200.00, "category": "Revenue", "status": "Paid", "user_id": "user_003" ,"user_profile":"https://thispersondoesnotexist.com/"},
    { "id": 290, "date": "2024-04-22T14:01:24Z", "amount": 1000.00, "category": "Expense", "status": "Pending", "user_id": "user_004" ,"user_profile":"https://thispersondoesnotexist.com/"},
    { "id": 291, "date": "2024-05-07T16:26:09Z", "amount": 1500.00, "category": "Revenue", "status": "Paid", "user_id": "user_001" ,"user_profile":"https://thispersondoesnotexist.com/"},
    { "id": 292, "date": "2024-06-14T11:50:57Z", "amount": 600.00, "category": "Expense", "status": "Pending", "user_id": "user_002" ,"user_profile":"https://thispersondoesnotexist.com/"},
    { "id": 293, "date": "2024-07-09T13:18:47Z", "amount": 2400.00, "category": "Revenue", "status": "Paid", "user_id": "user_003" ,"user_profile":"https://thispersondoesnotexist.com/"},
    { "id": 294, "date": "2024-08-28T14:13:36Z", "amount": 1500.00, "category": "Expense", "status": "Pending", "user_id": "user_004" ,"user_profile":"https://thispersondoesnotexist.com/"},
    { "id": 295, "date": "2024-09-07T12:02:01Z", "amount": 3200.00, "category": "Revenue", "status": "Paid", "user_id": "user_001" ,"user_profile":"https://thispersondoesnotexist.com/"},
    { "id": 296, "date": "2024-10-05T14:44:17Z", "amount": 1100.00, "category": "Expense", "status": "Paid", "user_id": "user_002" ,"user_profile":"https://thispersondoesnotexist.com/"},
    { "id": 297, "date": "2024-11-23T13:38:04Z", "amount": 2700.00, "category": "Revenue", "status": "Paid", "user_id": "user_003" ,"user_profile":"https://thispersondoesnotexist.com/"},
    { "id": 298, "date": "2024-12-16T10:04:21Z", "amount": 3200.00, "category": "Expense", "status": "Pending", "user_id": "user_004" ,"user_profile":"https://thispersondoesnotexist.com/"},
    { "id": 299, "date": "2024-01-03T17:13:15Z", "amount": 1500.00, "category": "Revenue", "status": "Pending", "user_id": "user_001" ,"user_profile":"https://thispersondoesnotexist.com/"},
    { "id": 300, "date": "2024-02-27T15:17:48Z", "amount": 1100.00, "category": "Expense", "status": "Paid", "user_id": "user_002" ,"user_profile":"https://thispersondoesnotexist.com/"}                
]


